,row_letter,row,column,x_coord,y_coord,radius,hough_peak_int,min_griddist,note,halo_rad,x+y,x-y,spot_intensity,RT
0,A,1,1,104,76,20,0.5500000000000005,3.306218023687403,kept,,180,28,0.5267670798355406,0
1,A,1,2,209,78,21,0.296875,5.382195440876239,kept,,287,131,0.3733935408269438,5
2,A,1,3,307,89,25,0.3194444444444442,8.647855164404376,kept,,396,218,0.3362588518148114,10
3,A,1,4,406,84,21,,0.0,backfilled,,490,322,0.3283268175894778,15
4,A,1,5,514,87,20,0.3083333333333334,8.482186073243318,kept,,601,427,0.3267832429210736,20
5,A,1,6,617,91,21,,0.0,backfilled,,708,526,0.3327049933832368,25
6,A,1,7,706,94,21,,0.0,backfilled,,800,612,0.3360992413451728,30
7,A,1,8,813,97,24,0.3194444444444442,2.1063155619916354,kept,,910,716,0.3608651291531553,35
8,A,1,9,910,101,21,,0.0,backfilled,,1011,809,0.3624107242072512,40
9,A,1,10,1012,105,21,,0.0,backfilled,,1117,907,0.3809982725702336,45
10,A,1,11,91,96,22,,0.0,backfilled,,187,-5,0.4165307957289046,50
11,A,1,12,184,91,22,0.296875,8.798956769739165,kept,,275,93,0.4196482508510875,55
12,A,1,13,285,91,21,0.4453125,6.687160495348299,kept,,376,194,0.4754513036538674,60
13,A,1,14,385,88,22,0.3984375,4.738111855010949,kept,,473,297,0.4339828873331919,65
14,A,1,15,486,91,25,0.3749999999999996,6.5056052167936,kept,,577,395,0.4304391308300754,70
15,A,1,16,580,95,29,0.2380952380952382,7.456655899231356,kept,,675,485,0.3816993464052287,75
16,A,1,17,678,86,22,,0.0,backfilled,,764,592,0.3958521481750866,80
17,A,1,18,786,84,21,0.2421875,4.42414595419,kept,,870,702,0.3848430665414027,85
18,A,1,19,892,86,21,0.296875,8.17626833407824,kept,,978,806,0.3725591215363013,90
19,A,1,20,990,83,24,0.3055555555555554,4.949464627289788,kept,,1073,907,0.3523451626915578,95
20,B,2,20,987,203,22,,0.0,backfilled,,1190,784,0.3943045327352991,100
21,B,2,19,888,201,22,0.25,2.397496847146045,kept,,1089,687,0.4086815973169278,105
22,B,2,18,787,203,20,0.3750000000000003,3.337805945323794,kept,,990,584,0.4268448646846683,110
23,B,2,17,681,203,23,0.4926470588235285,0.3534957338462163,kept,,884,478,0.4320918063258276,115
24,B,2,16,581,199,23,0.2647058823529411,4.227745832718674,kept,,780,382,0.42277782828742,120
25,B,2,15,485,200,21,0.390625,4.52218569357554,kept,,685,285,0.4482750957157721,125
26,B,2,14,382,205,21,0.375,2.562038772836876,kept,,587,177,0.4537281166974776,130
27,B,2,13,288,204,20,0.4666666666666673,7.48155913014031,kept,,492,84,0.4834318271358002,135
28,B,2,12,191,208,20,0.2833333333333334,5.0990195135927845,kept,,399,-17,0.4406481397298745,140
29,B,2,11,87,205,20,0.4583333333333339,4.472135954999592,kept,,292,-118,0.4621915123597094,145
30,B,2,10,1010,222,21,,0.0,backfilled,,1232,788,0.4236910426200361,150
31,B,2,9,917,222,21,0.3515625,9.240422132278306,kept,,1139,695,0.3990039498540271,155
32,B,2,8,813,213,23,0.3382352941176467,4.344023427545478,kept,,1026,600,0.3881140709761493,160
33,B,2,7,704,211,21,,0.0,backfilled,,915,493,0.3688799991918457,165
34,B,2,6,611,202,21,0.3515625,6.852245839615723,kept,,813,409,0.3654453435160771,170
35,B,2,5,503,204,21,,0.0,backfilled,,707,299,0.3571920679657746,175
36,B,2,4,404,201,21,,0.0,backfilled,,605,203,0.3610510046367851,180
37,B,2,3,307,197,20,0.3500000000000002,4.45624279218346,kept,,504,110,0.3583133820246285,185
38,B,2,2,200,195,22,0.25,1.8466521700973928,kept,,395,5,0.3791678031336182,190
39,B,2,1,102,191,20,0.591666666666667,2.3463450369910994,kept,,293,-89,0.5105858108312876,195
40,C,3,1,97,304,20,0.4083333333333337,0.8228719781553929,kept,,401,-207,0.4658463900758655,200
41,C,3,2,199,309,23,0.3382352941176467,1.96236405356446,kept,,508,-110,0.3913527492398299,205
42,C,3,3,298,315,22,0.2734375,5.05355710034884,kept,,613,-17,0.3926478164681638,210
43,C,3,4,404,312,22,0.265625,2.654731893867338,kept,,716,92,0.3833398995868311,215
44,C,3,5,504,325,20,0.3166666666666668,7.709056452004393,kept,,829,179,0.3475406855168651,220
45,C,3,6,607,319,21,0.3671875,3.264936633638199,kept,,926,288,0.3641987655443424,225
46,C,3,7,708,327,22,0.3828125,6.012163791906199,kept,,1035,381,0.3738097402794193,230
47,C,3,8,807,328,20,0.3416666666666669,0.5442864613459065,kept,,1135,479,0.3813417381378105,235
48,C,3,9,913,331,24,0.3194444444444442,6.705214089572356,kept,,1244,582,0.4258407329959289,240
49,C,3,10,1009,335,20,0.3833333333333337,0.8028840545808239,kept,,1344,674,0.4572637916578274,245
50,C,3,11,88,321,22,0.4765625,7.124158317960121,kept,,409,-233,0.4571991393156954,250
51,C,3,12,192,325,22,,0.0,backfilled,,517,-133,0.4633027244901052,255
52,C,3,13,282,324,22,,0.0,backfilled,,606,-42,0.4888505015607479,260
53,C,3,14,390,321,23,0.4411764705882346,4.512783465554577,kept,,711,69,0.4831590750674303,265
54,C,3,15,485,318,21,0.4140625,2.927669438155314,kept,,803,167,0.524936610398925,270
55,C,3,16,589,321,20,0.391666666666667,7.640900666216664,kept,,910,268,0.4507642108878585,275
56,C,3,17,682,321,23,0.3308823529411762,3.9178052368625935,kept,,1003,361,0.4331262437999413,280
57,C,3,18,787,314,24,0.4166666666666661,1.919274930925599,kept,,1101,473,0.4378317220757443,285
58,C,3,19,893,313,24,0.3402777777777775,4.425639735277119,kept,,1206,580,0.4007717873342021,290
59,C,3,20,992,313,22,0.4296875,2.700924867859095,kept,,1305,679,0.4053762463254234,295
60,D,4,20,1000,429,21,0.359375,9.2064303644499,kept,,1429,571,0.4094129769372973,300
61,D,4,19,895,426,22,0.265625,8.219132316808519,kept,,1321,469,0.4121142326070046,305
62,D,4,18,787,437,24,0.2430555555555556,4.056863084929224,kept,,1224,350,0.4188158519461366,310
63,D,4,17,688,436,22,0.375,4.488629090647497,kept,,1124,252,0.4286753341212837,315
64,D,4,16,582,429,20,0.3500000000000002,4.3253445175939085,kept,,1011,153,0.4483740946146619,320
65,D,4,15,486,432,20,0.4500000000000005,1.0659584197362593,kept,,918,54,0.5138143871665101,325
66,D,4,14,389,433,21,0.40625,1.3840722293968497,kept,,822,-44,0.4816579284985504,330
67,D,4,13,287,434,21,0.4296875,2.5997803258445225,kept,,721,-147,0.5372043923184935,335
68,D,4,12,190,435,23,0.4264705882352935,2.8284271247462103,kept,,625,-245,0.4924568900203049,340
69,D,4,11,89,436,21,0.4375,3.605551275464013,kept,,525,-347,0.4941701770868058,345
70,D,4,10,1009,447,21,0.3671875,4.341033129870887,kept,,1456,562,0.5464274530007778,350
71,D,4,9,906,447,24,0.381944444444444,1.6689364664612696,kept,,1353,459,0.6212665797900819,355
72,D,4,8,806,440,21,0.46875,3.4332076620879235,kept,,1246,366,0.5925932660544897,360
73,D,4,7,703,442,21,0.453125,3.438534798902429,kept,,1145,261,0.5356769807356223,365
74,D,4,6,605,438,21,0.421875,1.6210909446593962,kept,,1043,167,0.4608358335606267,370
75,D,4,5,502,434,23,0.4558823529411757,2.7976208590469547,kept,,936,68,0.4703175036114394,375
76,D,4,4,401,430,23,0.6102941176470575,0.8723391918301879,kept,,831,-29,0.6807588568657755,380
77,D,4,3,301,427,23,0.5661764705882342,2.7243352794317266,kept,,728,-126,0.7410774716893456,385
78,D,4,2,197,425,22,0.4921875,2.9206387094680406,kept,,622,-228,0.6036568981018475,390
79,D,4,1,93,421,20,0.5000000000000007,3.622460052930075,kept,,514,-328,0.5489913224434544,395
80,E,5,1,96,535,24,0.4305555555555549,3.3143784578999003,kept,,631,-439,0.4719580567930417,400
81,E,5,2,199,537,22,0.4453125,3.43290024668737,kept,,736,-338,0.4512814296249154,405
82,E,5,3,296,540,23,0.4117647058823523,0.7030497409403782,kept,,836,-244,0.4621430231031104,410
83,E,5,4,400,544,21,0.453125,1.6101822445747438,kept,,944,-144,0.4674465355436353,415
84,E,5,5,499,545,24,0.4374999999999994,2.2419444179400307,kept,,1044,-46,0.4471901485993676,420
85,E,5,6,601,554,24,0.3541666666666663,3.688057678680625,kept,,1155,47,0.4453051287490782,425
86,E,5,7,698,554,21,0.3984375,0.5278539017397655,kept,,1252,144,0.4562172318695638,430
87,E,5,8,805,559,21,0.3984375,2.2822949779845145,kept,,1364,246,0.4733076744350497,435
88,E,5,9,906,560,23,0.5735294117647047,3.744334060877384,kept,,1466,346,0.5072077259548848,440
89,E,5,10,1003,563,21,0.3984375,1.9077287288351787,kept,,1566,440,0.5223990059702397,445
90,E,5,11,92,549,20,0.483333333333334,2.2360679774997707,kept,,641,-457,0.5204695376347345,450
91,E,5,12,192,549,21,0.4609375,2.0,kept,,741,-357,0.5302259801396085,455
92,E,5,13,288,549,22,0.3828125,2.4469929772523784,kept,,837,-261,0.5372973300603086,460
93,E,5,14,392,548,22,0.453125,2.594642339978892,kept,,940,-156,0.5104726692325565,465
94,E,5,15,488,548,22,0.5703125,1.069506060763497,kept,,1036,-60,0.5389924336555849,470
95,E,5,16,586,551,20,0.3416666666666669,4.016558547457301,kept,,1137,35,0.4621834308169429,475
96,E,5,17,695,546,21,0.28125,8.408627881585808,kept,,1241,149,0.4400157590083947,480
97,E,5,18,791,545,22,0.359375,2.403662175472137,kept,,1336,246,0.4356396036003273,485
98,E,5,19,893,543,25,0.2777777777777777,4.01258683795113,kept,,1436,350,0.4314452829045065,490
99,E,5,20,993,547,22,,0.0,backfilled,,1540,446,0.4201088987887788,495
100,F,6,20,995,663,22,,0.0,backfilled,,1658,332,0.4336555848511481,500
101,F,6,19,894,663,22,,0.0,backfilled,,1557,231,0.4358012344556576,505
102,F,6,18,792,664,22,0.40625,1.0464977261849646,kept,,1456,128,0.4626481195260175,510
103,F,6,17,691,661,21,0.3203125,3.066226830602312,kept,,1352,30,0.484662242022002,515
104,F,6,16,587,663,21,0.3984375,0.6604490006992592,kept,,1250,-76,0.5211160610560556,520
105,F,6,15,488,662,22,0.515625,1.9255489803354071,kept,,1150,-174,0.615696376438262,525
106,F,6,14,391,662,22,0.6171875,1.1822212815101825,kept,,1053,-271,0.6354799931306886,530
107,F,6,13,292,660,21,0.3984375,4.52314959635553,kept,,952,-368,0.6465658494206544,535
108,F,6,12,192,662,21,0.484375,1.0,kept,,854,-470,0.6220444282813589,540
109,F,6,11,88,665,21,0.3828125,3.6055512754640366,kept,,753,-577,0.6060247901324363,545
110,F,6,10,1005,675,26,0.3947368421052634,6.955601449879273,kept,,1680,330,0.5867482902486085,550
111,F,6,9,900,676,20,0.4416666666666672,1.8587675949058489,kept,,1576,224,0.575290682991383,555
112,F,6,8,801,673,20,0.4583333333333339,1.4220056356740476,kept,,1474,128,0.547639684415755,560
113,F,6,7,699,670,21,0.5390625,2.6953897296852403,kept,,1369,29,0.5675505854067541,565
114,F,6,6,598,665,21,0.484375,2.4264694415249606,kept,,1263,-67,0.6486064389691991,570
115,F,6,5,498,663,22,0.5,2.60263367220714,kept,,1161,-165,0.688551484478387,575
116,F,6,4,396,659,21,0.6640625,1.352589458896036,kept,,1055,-263,0.6653796809810993,580
117,F,6,3,293,655,21,0.5703125,2.3097703347713736,kept,,948,-362,0.6029315796385528,585
118,F,6,2,195,655,23,0.4264705882352935,2.297423494607757,kept,,850,-460,0.5532704993383237,590
119,F,6,1,90,650,22,0.421875,1.725129844422697,kept,,740,-560,0.4933842470527623,595
120,G,7,1,88,766,22,0.5390625,2.937574339066424,kept,,854,-678,0.6506874362315767,600
121,G,7,2,190,768,22,0.4765625,1.8450941064997728,kept,,958,-578,0.8248042751361236,605
122,G,7,3,292,772,22,0.5390625,1.4468317644314466,kept,,1064,-480,0.8060833813174937,610
123,G,7,4,397,776,21,0.40625,3.017810828899412,kept,,1173,-379,0.7950823812265763,615
124,G,7,5,494,780,24,0.4791666666666659,2.356380483333718,kept,,1274,-286,0.7396187532199896,620
125,G,7,6,594,781,23,0.485294117647058,0.9180828339330708,kept,,1375,-187,0.7243668616338859,625
126,G,7,7,694,783,20,0.4750000000000006,1.761149816636779,kept,,1477,-89,0.6962612762776414,630
127,G,7,8,799,788,21,0.5859375,0.5235589321312952,kept,,1587,11,0.7170065965592831,635
128,G,7,9,898,791,22,0.5859375,0.8916064836115914,kept,,1689,107,0.7322827327736866,640
129,G,7,10,1001,794,23,0.4632352941176463,1.5727354593468406,kept,,1795,207,0.7534543544362619,645
130,G,7,11,90,779,22,0.390625,2.236067977499815,kept,,869,-689,0.7586790718348133,650
131,G,7,12,190,779,24,0.4305555555555549,2.8284271247462303,kept,,969,-589,0.7805901546605248,655
132,G,7,13,294,780,22,0.2421875,4.530730260476616,kept,,1074,-486,0.8450768251659243,660
133,G,7,14,393,777,22,,0.0,backfilled,,1170,-384,0.6062207675445241,665
134,G,7,15,494,777,20,0.3750000000000003,2.364601745786956,kept,,1271,-283,0.8182420624097142,670
135,G,7,16,589,776,23,0.4117647058823523,1.1928639611495766,kept,,1365,-187,0.7354082694386358,675
136,G,7,17,692,775,21,0.515625,2.4042307934064246,kept,,1467,-83,0.6280166883858128,680
137,G,7,18,794,777,20,0.5000000000000007,0.3185986765269035,kept,,1571,17,0.5610611065652433,685
138,G,7,19,901,775,20,0.4250000000000005,4.744999989301155,kept,,1676,126,0.503904395349072,690
139,G,7,20,996,773,20,0.3583333333333336,4.351157878971799,kept,,1769,223,0.4846642624076936,695
140,H,8,20,1001,884,22,0.3359375,2.732867935046555,kept,,1885,117,0.4766029234980958,700
141,H,8,19,896,885,22,0.40625,2.987244297277617,kept,,1781,11,0.494283318685537,705
142,H,8,18,798,888,22,0.328125,3.6690388296718073,kept,,1686,-90,0.546611308098716,710
143,H,8,17,695,891,20,0.2666666666666666,4.630807647125117,kept,,1586,-196,0.766621207988605,715
144,H,8,16,591,888,22,,0.0,backfilled,42.0,1479,-297,0.7402551747128526,720
145,H,8,15,494,893,21,0.484375,2.5085956461842667,kept,,1387,-399,0.6340394581325575,725
146,H,8,14,393,892,21,0.640625,2.64196999129057,kept,,1285,-499,0.608071440838056,730
147,H,8,13,293,891,23,0.4926470588235285,3.0492021997348737,kept,,1184,-598,0.6378074774474446,735
148,H,8,12,192,895,22,0.515625,0.785570445255189,kept,51.0,1087,-703,0.6975927104484246,740
149,H,8,11,92,894,20,0.5750000000000004,3.686743736192047,kept,48.0,986,-802,0.723306159145781,745
150,H,8,10,996,909,20,0.5666666666666671,3.2822843707855998,kept,46.0,1905,87,0.7354143305957107,750
151,H,8,9,897,909,21,0.453125,1.3644819769425298,kept,44.0,1806,-12,0.7224838621692881,755
152,H,8,8,797,904,21,,0.0,backfilled,39.0,1701,-107,0.7629239021729249,760
153,H,8,7,688,899,30,0.4261363636363633,4.708366524680382,kept,35.0,1587,-211,0.7884676384721845,765
154,H,8,6,587,898,22,0.3671875,2.237559409119958,kept,,1485,-311,0.8277742421028176,770
155,H,8,5,491,893,23,0.5661764705882342,0.8447721470549172,kept,,1384,-402,0.8102251719853322,775
156,H,8,4,391,891,21,0.625,1.7015158207935197,kept,,1282,-500,0.7843096847188129,780
157,H,8,3,287,889,20,0.5666666666666671,4.256755610343091,kept,,1176,-602,0.6860643896919921,785
158,H,8,2,189,885,20,0.5750000000000004,1.9445577408291217,kept,,1074,-696,0.6721398915052883,790
159,H,8,1,87,882,21,0.53125,2.494338178237147,kept,,969,-795,0.6149144871756018,795
160,I,9,1,85,994,21,0.5859375,1.565057257392492,kept,,1079,-909,0.5819013849743916,800
161,I,9,2,186,995,25,0.4027777777777773,2.0088506426918946,kept,,1181,-809,0.5994767201058682,805
162,I,9,3,288,999,23,0.4044117647058818,0.905614378596838,kept,,1287,-711,0.6164621026153893,810
163,I,9,4,390,1004,21,0.484375,0.9374935055535702,kept,,1394,-614,0.623082906526856,815
164,I,9,5,489,1009,22,0.53125,2.3580303656447272,kept,,1498,-520,0.6887211968764837,820
165,I,9,6,587,1011,21,0.5859375,2.124936113036376,kept,,1598,-424,0.6576173591538624,825
166,I,9,7,691,1016,20,0.4750000000000006,2.3614042574989758,kept,,1707,-325,0.683476275621016,830
167,I,9,8,793,1016,21,0.46875,2.737366043542512,kept,,1809,-223,0.6955480801284964,835
168,I,9,9,895,1022,20,0.4333333333333338,1.3503913121302435,kept,,1917,-127,0.7204735784061178,840
169,I,9,10,994,1023,22,0.46875,2.6666591702285727,kept,,2017,-29,0.738513602246669,845
170,I,9,11,92,1006,22,0.4453125,1.4142135623730447,kept,,1098,-914,0.7775191684092494,850
171,I,9,12,194,1008,20,0.3333333333333335,3.6055512754639576,kept,,1202,-814,0.7788849491367903,855
172,I,9,13,293,1007,23,0.5588235294117636,2.5516174379694574,kept,,1300,-714,0.8005778303078059,860
173,I,9,14,395,1007,24,0.3749999999999996,3.280422164937218,kept,,1402,-612,0.8185936095200574,865
174,I,9,15,497,1010,20,0.4250000000000005,5.188236796175694,kept,,1507,-513,0.7717247022456587,870
175,I,9,16,592,1006,21,0.5078125,1.912371495981409,kept,,1598,-414,0.6907233990968875,875
176,I,9,17,691,1008,21,0.4375,4.721167739633027,kept,,1699,-317,0.5645280884120778,880
177,I,9,18,797,1003,23,0.367647058823529,2.1064490082626817,kept,,1800,-206,0.4809083654069562,885
178,I,9,19,904,1002,20,0.3166666666666668,4.4769803515841256,kept,,1906,-98,0.4303845804164015,890
179,I,9,20,1002,1001,24,0.3611111111111107,4.0118227438130685,kept,,2003,1,0.4663151195563233,895
180,J,10,20,1006,1114,25,0.4236111111111105,7.362880154210381,kept,,2120,-108,0.4782394359083149,900
181,J,10,19,900,1118,20,0.5166666666666673,4.037180115325896,kept,,2018,-218,0.4362335969936661,905
182,J,10,18,799,1120,21,0.453125,1.212649455951949,kept,,1919,-321,0.4483579315291289,910
183,J,10,17,700,1119,22,0.40625,3.8842256999992064,kept,,1819,-419,0.4566314109363478,915
184,J,10,16,592,1121,22,0.3515625,3.654868737822881,kept,,1713,-529,0.4787000838460062,920
185,J,10,15,497,1123,22,0.5390625,2.099886653635156,kept,,1620,-626,0.5162388499964643,925
186,J,10,14,397,1121,21,0.328125,2.6250124412168816,kept,,1518,-724,0.5330888666646462,930
187,J,10,13,293,1122,23,0.5294117647058814,3.745291712437546,kept,,1415,-829,0.5342586699800992,935
188,J,10,12,193,1119,24,0.4097222222222217,2.2360679774997645,kept,,1312,-926,0.5326807487549373,940
189,J,10,11,90,1122,22,0.390625,1.414213562373145,kept,,1212,-1032,0.5507308745239466,945
190,J,10,10,992,1141,22,0.3515625,2.3291737536750228,kept,,2133,-149,0.5665343314038649,950
191,J,10,9,889,1134,22,0.4765625,4.345893999372746,kept,,2023,-245,0.5614853875604853,955
192,J,10,8,787,1131,21,0.4453125,6.771783272483239,kept,,1918,-344,0.5510622177773736,960
193,J,10,7,688,1127,23,0.3970588235294112,2.7403068483605595,kept,,1815,-439,0.5310139305593436,965
194,J,10,6,586,1128,24,0.4513888888888882,5.344414589051367,kept,,1714,-542,0.5187582709539251,970
195,J,10,5,485,1123,23,0.4705882352941168,2.498955076939541,kept,,1608,-638,0.5802103221504984,975
196,J,10,4,388,1117,20,0.5166666666666673,2.3019988779310534,kept,,1505,-729,0.4773767312179894,980
197,J,10,3,286,1118,21,0.3828125,2.388705346413744,kept,,1404,-832,0.4645533432332231,985
198,J,10,2,185,1114,22,0.5390625,1.945442959651594,kept,,1299,-929,0.4639815740824923,990
199,J,10,1,82,1112,21,0.34375,3.790146753893411,kept,,1194,-1030,0.4504692345768807,995
200,K,11,1,80,1225,22,0.40625,2.930770612356917,kept,,1305,-1145,0.4264468487034175,1000
201,K,11,2,182,1233,23,0.3749999999999995,7.035603235567052,kept,,1415,-1051,0.4107019830085563,1005
202,K,11,3,286,1232,21,0.4453125,2.718049118641786,kept,,1518,-946,0.4272550029800688,1010
203,K,11,4,385,1232,23,0.3455882352941173,1.974666521273131,kept,,1617,-847,0.4254750431857441,1015
204,K,11,5,484,1237,21,0.6328125,1.5211443128496736,kept,,1721,-753,0.4882484266246427,1020
205,K,11,6,584,1238,23,0.3529411764705878,7.174972580577398,kept,,1822,-654,0.4486448262973402,1025
206,K,11,7,684,1245,25,0.3888888888888884,2.7223974442283785,kept,,1929,-561,0.4663737107413805,1030
207,K,11,8,788,1244,24,0.4374999999999994,4.757733913641165,kept,,2032,-456,0.4879675930135062,1035
208,K,11,9,886,1248,22,0.4609375,5.154096521367516,kept,,2134,-362,0.4733137355921246,1040
209,K,11,10,992,1253,20,0.366666666666667,1.4173347023471714,kept,,2245,-261,0.4870665009950399,1045
210,K,11,11,95,1238,21,0.4375,4.123105625617578,kept,,1333,-1143,0.4565728197512905,1050
211,K,11,12,198,1235,22,0.390625,6.324555320336705,kept,,1433,-1037,0.4140558232566597,1055
212,K,11,13,298,1240,25,0.298611111111111,3.0662836995162195,kept,,1538,-942,0.4076895879423381,1060
213,K,11,14,398,1236,20,0.4000000000000004,3.784314976598664,kept,,1634,-838,0.4087179642593771,1065
214,K,11,15,499,1235,23,0.3088235294117645,2.107572887257989,kept,,1734,-736,0.3821620147286116,1070
215,K,11,16,600,1234,21,0.3203125,3.792623765638839,kept,,1834,-634,0.3682415573132911,1075
216,K,11,17,691,1238,21,0.34375,7.75974627017086,kept,,1929,-547,0.3577113070885231,1080
217,K,11,18,803,1236,22,0.40625,1.631629266491079,kept,,2039,-433,0.3737329656231375,1085
218,K,11,19,903,1234,20,0.5000000000000007,3.4612901347109224,kept,,2137,-331,0.3747532603974099,1090
219,K,11,20,1002,1239,26,0.3947368421052634,4.242771850499252,kept,,2241,-237,0.4489155579800184,1095
220,L,12,20,1003,1347,23,0.3823529411764701,5.104868285738752,kept,,2350,-344,0.4306290470850885,1100
221,L,12,19,904,1350,20,0.4333333333333338,2.861790165658172,kept,,2254,-446,0.3471871180208302,1105
222,L,12,18,800,1355,22,0.2734375,7.031169548328467,kept,,2155,-555,0.3257548666040347,1110
223,L,12,17,699,1352,20,0.3166666666666668,3.423817843273233,kept,,2051,-653,0.3220009899889889,1115
224,L,12,16,599,1349,22,,0.0,backfilled,,1948,-750,0.321946439575315,1120
225,L,12,15,501,1349,22,,0.0,backfilled,,1850,-848,0.330310836338657,1125
226,L,12,14,403,1349,22,,0.0,backfilled,,1752,-946,0.344778818276409,1130
227,L,12,13,300,1349,22,,0.0,backfilled,,1649,-1049,0.3426392298289743,1135
228,L,12,12,192,1349,22,,0.0,backfilled,,1541,-1157,0.357604226646867,1140
229,L,12,11,93,1347,24,0.298611111111111,2.82842712474613,kept,,1440,-1254,0.3758361871281228,1145
230,L,12,10,990,1359,21,,0.0,backfilled,,2349,-369,0.4728934953682658,1150
231,L,12,9,886,1364,23,0.367647058823529,6.744616785442363,kept,,2250,-478,0.4656261680354779,1155
232,L,12,8,784,1352,22,0.3359375,6.755226448077001,kept,,2136,-568,0.465533230293663,1160
233,L,12,7,684,1356,20,0.4000000000000004,1.907173747957982,kept,,2040,-672,0.4652261316685355,1165
234,L,12,6,581,1351,23,0.4191176470588229,7.934893547795663,kept,,1932,-770,0.437365012980978,1170
235,L,12,5,483,1352,20,0.4666666666666673,1.445839966898311,kept,,1835,-869,0.4454101888050428,1175
236,L,12,4,385,1351,20,0.3833333333333337,2.139116438757412,kept,,1736,-966,0.4218949197401784,1180
237,L,12,3,280,1349,22,0.453125,3.144312665085975,kept,,1629,-1069,0.4213332525179057,1185
238,L,12,2,181,1346,23,0.3529411764705878,0.8322309499211957,kept,,1527,-1165,0.3971755008031034,1190
239,L,12,1,73,1340,22,0.3984375,7.482412290819432,kept,,1413,-1267,0.4047842733177764,1195
